,Game_Result,Team1_FGA,Team1_FG_P,Team1_3PA,Team1_3P_P,Team1_OFFRTG,Team1_DEFRTG,Team1_REB_P,Team1_AST/TO,Team1_PACE,Team2_FGA,Team2_FG_P,Team2_3PA,Team2_3P_P,Team2_OFFRTG,Team2_DEFRTG,Team2_REB_P,Team2_AST/TO,Team2_PACE
9,1,86.0,42.3,28.4,35.2,99.8,107.9,51.6,1.02,100.8,89.0,47.5,23.0,33.7,108.6,106.2,52.8,1.36,104.75
32,1,94.0,47.9,38.0,38.2,113.6,113.6,49.3,1.69,104.88,89.0,47.5,23.0,33.7,108.6,106.2,52.8,1.36,104.75
47,1,89.0,44.9,29.6,36.5,104.7,103.8,49.8,1.07,106.1,89.0,47.5,23.0,33.7,108.6,106.2,52.8,1.36,104.75
87,0,88.9,49.0,30.5,36.9,112.5,104.6,50.7,1.82,100.17,90.3,46.7,26.3,35.6,110.5,114.1,50.2,1.93,100.59
112,1,84.2,47.0,30.7,36.6,108.9,110.6,45.9,1.77,99.82,90.3,46.7,26.3,35.6,110.5,114.1,50.2,1.93,100.59
126,0,89.3,45.0,33.8,34.0,110.1,104.0,49.8,1.75,100.04,90.3,46.7,26.3,35.6,110.5,114.1,50.2,1.93,100.59
141,0,90.3,46.9,30.1,37.5,107.3,113.8,49.8,1.7,102.32,90.3,46.7,26.3,35.6,110.5,114.1,50.2,1.93,100.59
180,0,93.3,45.2,35.1,36.8,111.7,113.0,48.5,1.59,101.93,90.3,46.7,26.3,35.6,110.5,114.1,50.2,1.93,100.59
248,0,88.9,49.0,30.5,36.9,112.5,104.6,50.7,1.82,100.17,90.3,46.7,26.3,35.6,110.5,114.1,50.2,1.93,100.59
261,0,92.7,44.3,39.4,33.2,107.3,108.1,50.3,1.58,104.62,90.3,46.7,26.3,35.6,110.5,114.1,50.2,1.93,100.59
275,1,92.5,44.0,34.0,34.2,108.5,102.1,53.3,1.46,103.69,90.3,46.7,26.3,35.6,110.5,114.1,50.2,1.93,100.59
302,1,92.4,46.0,43.2,36.4,114.4,110.0,49.9,1.48,101.88,92.7,48.1,28.9,38.6,109.0,108.6,48.8,1.92,101.54
327,1,88.3,45.5,33.8,33.8,107.6,110.7,49.8,1.53,96.58,92.7,48.1,28.9,38.6,109.0,108.6,48.8,1.92,101.54
367,0,88.3,45.6,31.9,32.9,104.8,115.4,52.9,1.23,98.69,92.7,48.1,28.9,38.6,109.0,108.6,48.8,1.92,101.54
417,1,92.2,42.7,37.1,30.9,104.1,104.2,52.1,1.53,101.83,92.7,48.1,28.9,38.6,109.0,108.6,48.8,1.92,101.54
435,0,89.9,46.1,32.7,37.3,113.1,105.5,51.2,1.54,103.33,92.7,48.1,28.9,38.6,109.0,108.6,48.8,1.92,101.54
481,1,87.5,46.6,33.9,36.1,110.4,113.1,49.4,1.63,99.87,92.7,48.1,28.9,38.6,109.0,108.6,48.8,1.92,101.54
500,1,88.5,43.4,28.5,34.9,103.2,108.6,48.9,1.59,99.42,92.7,48.1,28.9,38.6,109.0,108.6,48.8,1.92,101.54
513,0,87.3,47.8,30.9,37.8,114.7,109.3,51.5,1.84,99.39,87.0,46.7,31.3,36.8,114.9,113.8,49.5,2.08,99.4
545,1,90.6,48.0,37.5,35.7,112.6,103.8,51.6,1.94,106.42,87.0,46.7,31.3,36.8,114.9,113.8,49.5,2.08,99.4
623,0,90.7,44.9,37.5,33.9,108.8,113.7,49.1,1.52,104.73,87.0,46.7,31.3,36.8,114.9,113.8,49.5,2.08,99.4
636,1,84.4,47.2,36.7,35.8,113.5,111.4,51.3,1.97,96.18,87.0,46.7,31.3,36.8,114.9,113.8,49.5,2.08,99.4
677,0,85.3,46.9,26.3,33.0,109.0,108.6,50.4,1.64,101.17,87.0,46.7,31.3,36.8,114.9,113.8,49.5,2.08,99.4
685,0,90.9,46.4,37.8,36.7,113.2,105.1,49.2,2.07,100.14,87.0,46.7,31.3,36.8,114.9,113.8,49.5,2.08,99.4
709,1,87.5,49.5,37.7,38.2,119.9,110.1,52.6,1.85,97.85,87.0,46.7,31.3,36.8,114.9,113.8,49.5,2.08,99.4
732,1,85.3,42.5,32.9,32.9,102.5,111.8,49.9,1.56,95.55,89.5,45.7,29.4,37.5,109.9,115.1,48.3,2.32,99.82
868,0,88.7,46.7,42.2,40.1,118.1,112.4,50.1,2.08,100.0,89.5,45.7,29.4,37.5,109.9,115.1,48.3,2.32,99.82
891,1,89.8,46.5,35.8,35.0,111.8,113.3,50.1,2.19,99.72,89.5,45.7,29.4,37.5,109.9,115.1,48.3,2.32,99.82
906,0,86.2,49.0,25.4,37.0,108.1,109.5,48.8,1.54,101.3,87.2,48.2,31.2,39.7,114.3,116.8,44.1,2.37,100.21
961,1,91.9,46.0,43.0,35.2,111.2,104.3,51.5,1.86,100.86,87.2,48.2,31.2,39.7,114.3,116.8,44.1,2.37,100.21
977,1,95.0,48.4,38.0,31.6,111.1,120.6,53.2,1.22,107.5,90.0,53.3,25.0,44.0,120.6,111.1,46.8,2.13,107.5
1004,0,88.8,49.3,32.1,36.6,116.9,121.7,49.8,1.98,97.5,88.9,47.9,26.7,41.7,113.8,111.2,52.8,1.62,105.21
1014,1,90.4,44.2,43.3,37.0,110.2,114.5,50.8,1.56,100.58,88.9,47.9,26.7,41.7,113.8,111.2,52.8,1.62,105.21
1038,1,86.9,41.4,54.4,31.8,102.4,106.5,42.7,1.43,107.29,88.9,47.9,26.7,41.7,113.8,111.2,52.8,1.62,105.21
1069,1,92.4,44.8,28.9,38.1,111.4,114.2,48.7,1.64,103.94,91.7,46.6,22.3,39.1,111.9,110.6,50.8,2.02,99.33
1117,0,86.0,50.6,22.3,41.6,112.1,105.5,49.2,1.67,97.13,91.7,46.6,22.3,39.1,111.9,110.6,50.8,2.02,99.33
1141,1,95.8,49.5,30.1,34.9,112.4,112.5,48.9,1.79,106.24,91.7,46.6,22.3,39.1,111.9,110.6,50.8,2.02,99.33
1153,1,91.3,44.8,36.4,33.7,106.6,111.6,51.3,1.45,103.16,91.7,46.6,22.3,39.1,111.9,110.6,50.8,2.02,99.33
1189,1,91.2,46.9,28.7,33.1,111.5,110.6,53.2,1.65,103.75,88.9,44.3,26.0,37.4,107.1,112.9,49.5,1.85,98.73
1195,0,87.1,47.6,30.3,37.1,109.4,108.1,47.9,1.97,98.91,88.9,44.3,26.0,37.4,107.1,112.9,49.5,1.85,98.73
1240,1,83.5,46.3,42.9,34.6,115.5,111.9,49.2,1.45,94.72,88.9,44.3,26.0,37.4,107.1,112.9,49.5,1.85,98.73
1297,1,87.4,47.4,28.4,36.0,110.7,111.1,51.3,1.78,98.74,88.9,44.3,26.0,37.4,107.1,112.9,49.5,1.85,98.73
1321,0,84.0,46.7,27.4,36.7,107.7,106.3,47.2,1.78,95.32,88.9,44.3,26.0,37.4,107.1,112.9,49.5,1.85,98.73
1385,0,83.5,46.3,42.9,34.6,115.5,111.9,49.2,1.45,94.72,88.9,44.3,26.0,37.4,107.1,112.9,49.5,1.85,98.73
1401,1,88.4,45.9,27.9,36.3,108.1,109.3,52.1,1.46,99.45,86.5,51.2,23.8,42.4,116.7,106.4,49.9,2.19,99.0
1434,1,89.7,48.4,34.0,35.5,110.0,106.7,51.1,1.71,104.17,86.5,51.2,23.8,42.4,116.7,106.4,49.9,2.19,99.0
1448,1,86.5,47.2,32.8,37.5,109.3,100.6,53.1,1.67,100.71,86.5,51.2,23.8,42.4,116.7,106.4,49.9,2.19,99.0
1462,1,91.3,45.4,28.7,34.0,104.9,112.4,48.3,1.58,99.93,86.5,51.2,23.8,42.4,116.7,106.4,49.9,2.19,99.0
1476,1,85.2,47.7,23.7,39.4,109.9,114.4,50.2,1.43,102.59,86.5,51.2,23.8,42.4,116.7,106.4,49.9,2.19,99.0
1492,0,82.9,44.6,23.7,33.7,98.7,107.1,47.3,1.26,96.93,86.5,51.2,23.8,42.4,116.7,106.4,49.9,2.19,99.0
1507,1,88.8,47.1,32.8,34.0,110.6,108.4,50.2,1.85,101.49,86.5,51.2,23.8,42.4,116.7,106.4,49.9,2.19,99.0
1534,1,90.6,46.1,26.4,35.4,111.6,111.7,49.7,2.12,100.47,86.5,51.2,23.8,42.4,116.7,106.4,49.9,2.19,99.0
1569,1,87.7,46.0,31.2,36.4,110.5,109.3,51.5,1.89,98.07,86.5,51.2,23.8,42.4,116.7,106.4,49.9,2.19,99.0
1604,1,90.9,46.9,37.7,36.7,115.5,107.7,49.8,2.08,99.98,86.5,51.2,23.8,42.4,116.7,106.4,49.9,2.19,99.0
1622,1,89.5,46.8,32.4,36.0,113.2,110.1,49.1,1.82,100.7,87.0,49.4,26.1,43.5,114.5,111.7,51.1,1.91,99.39
1640,1,83.4,43.7,28.0,31.5,100.7,109.8,48.7,1.55,96.68,87.0,49.4,26.1,43.5,114.5,111.7,51.1,1.91,99.39
1678,1,94.6,46.7,30.2,40.4,113.4,112.2,49.0,2.06,104.14,87.0,49.4,26.1,43.5,114.5,111.7,51.1,1.91,99.39
1706,0,87.9,44.0,33.6,33.8,106.7,114.0,50.5,1.62,98.79,87.0,49.4,26.1,43.5,114.5,111.7,51.1,1.91,99.39
1749,0,88.2,45.9,26.6,36.5,109.1,109.4,49.0,1.82,100.97,87.0,49.4,26.1,43.5,114.5,111.7,51.1,1.91,99.39
1800,1,90.1,46.8,33.4,39.0,110.6,107.2,47.7,2.08,100.75,87.0,49.4,26.1,43.5,114.5,111.7,51.1,1.91,99.39
1813,1,85.8,45.7,29.3,32.3,105.4,116.1,45.0,1.51,102.3,87.0,49.4,26.1,43.5,114.5,111.7,51.1,1.91,99.39
1826,1,90.5,45.6,35.7,35.6,110.7,106.9,51.8,1.48,103.18,87.0,49.4,26.1,43.5,114.5,111.7,51.1,1.91,99.39
1841,1,93.5,46.0,32.4,29.8,107.7,111.4,51.0,1.95,104.32,89.7,45.4,25.3,36.8,108.7,118.1,48.4,1.88,99.7
1977,1,86.8,46.7,37.1,39.9,116.0,109.4,51.0,1.85,97.9,89.7,45.4,25.3,36.8,108.7,118.1,48.4,1.88,99.7
1999,1,93.5,42.3,35.1,32.9,105.1,108.1,49.9,1.53,100.75,90.4,48.1,26.6,36.2,112.2,107.3,50.4,2.42,98.16
2013,1,89.3,45.0,33.3,34.0,108.7,108.9,51.7,2.0,97.0,90.4,48.1,26.6,36.2,112.2,107.3,50.4,2.42,98.16
2058,1,92.2,46.4,39.7,36.4,114.2,106.1,52.1,1.93,103.7,90.4,48.1,26.6,36.2,112.2,107.3,50.4,2.42,98.16
2091,1,84.4,42.8,28.7,33.8,100.0,114.5,50.0,1.21,100.11,90.4,48.1,26.6,36.2,112.2,107.3,50.4,2.42,98.16
2098,1,92.3,46.5,31.6,34.4,115.4,110.1,53.6,1.78,99.95,90.4,48.1,26.6,36.2,112.2,107.3,50.4,2.42,98.16
2114,1,86.8,49.2,34.9,39.5,112.9,107.3,49.7,1.95,100.57,90.4,48.1,26.6,36.2,112.2,107.3,50.4,2.42,98.16
2130,0,87.6,45.7,30.2,34.9,108.1,104.1,50.3,1.94,97.17,90.4,48.1,26.6,36.2,112.2,107.3,50.4,2.42,98.16
2188,1,87.9,44.7,34.6,35.5,110.1,117.4,48.8,1.56,98.2,90.4,48.1,26.6,36.2,112.2,107.3,50.4,2.42,98.16
2207,0,91.8,46.4,28.6,38.9,111.8,110.8,50.3,2.13,102.13,90.4,48.1,26.6,36.2,112.2,107.3,50.4,2.42,98.16
2221,1,96.6,44.5,39.0,34.9,111.8,119.7,47.6,2.03,106.5,84.4,49.3,25.6,35.9,112.8,106.8,51.8,1.83,97.3
2286,1,94.5,44.6,39.3,31.8,110.7,109.2,51.4,2.52,101.32,84.4,49.3,25.6,35.9,112.8,106.8,51.8,1.83,97.3
2307,1,89.5,46.2,30.2,33.7,110.0,108.1,48.2,2.25,98.42,84.4,49.3,25.6,35.9,112.8,106.8,51.8,1.83,97.3
2313,0,89.5,46.2,30.2,33.7,110.0,108.1,48.2,2.25,98.42,84.4,49.3,25.6,35.9,112.8,106.8,51.8,1.83,97.3
2328,1,89.5,46.2,30.2,33.7,110.0,108.1,48.2,2.25,98.42,84.4,49.3,25.6,35.9,112.8,106.8,51.8,1.83,97.3
2348,1,85.7,46.3,22.9,38.8,109.0,114.6,48.4,1.44,99.03,87.7,42.8,21.1,33.1,101.8,102.7,53.4,1.45,96.36
2383,1,87.7,45.1,32.8,29.9,107.2,96.7,50.3,1.61,101.58,87.7,42.8,21.1,33.1,101.8,102.7,53.4,1.45,96.36
2454,0,87.0,49.8,30.9,39.6,111.0,99.6,51.0,1.86,102.91,82.6,47.0,26.1,37.2,108.9,103.4,51.1,1.74,95.0
2463,1,85.5,44.5,25.8,36.9,108.6,111.9,50.9,1.76,97.83,82.6,47.0,26.1,37.2,108.9,103.4,51.1,1.74,95.0
2478,1,90.6,44.4,26.1,32.5,102.9,110.4,50.1,1.3,103.89,82.6,47.0,26.1,37.2,108.9,103.4,51.1,1.74,95.0
2491,1,82.8,46.2,29.6,34.5,107.2,111.4,49.5,1.25,97.81,82.6,47.0,26.1,37.2,108.9,103.4,51.1,1.74,95.0
2511,0,82.8,47.9,24.2,36.2,106.9,107.6,46.9,1.65,95.58,82.6,47.0,26.1,37.2,108.9,103.4,51.1,1.74,95.0
2521,1,89.0,41.8,31.1,35.1,97.9,109.5,49.0,1.6,98.55,82.6,47.0,26.1,37.2,108.9,103.4,51.1,1.74,95.0
2560,1,85.8,42.2,31.2,34.6,102.8,103.5,49.7,1.36,97.5,82.6,47.0,26.1,37.2,108.9,103.4,51.1,1.74,95.0
2587,1,84.2,47.2,28.9,38.6,106.3,111.7,48.3,1.46,98.07,82.6,47.0,26.1,37.2,108.9,103.4,51.1,1.74,95.0
2632,1,86.5,43.4,33.1,33.3,101.3,104.3,47.9,1.61,98.27,82.6,47.0,26.1,37.2,108.9,103.4,51.1,1.74,95.0
2648,1,80.8,45.4,27.1,33.0,102.7,109.6,46.8,1.51,94.96,82.6,47.0,26.1,37.2,108.9,103.4,51.1,1.74,95.0
2685,1,84.7,42.4,28.6,36.4,102.6,104.4,49.6,1.52,94.87,82.6,46.4,23.9,36.3,106.5,103.9,51.3,1.5,94.13
2698,1,80.0,46.8,29.9,38.5,108.4,108.8,49.9,1.49,93.03,82.6,46.4,23.9,36.3,106.5,103.9,51.3,1.5,94.13
2711,1,81.9,46.6,31.4,38.8,107.7,105.4,48.2,1.6,95.5,82.6,46.4,23.9,36.3,106.5,103.9,51.3,1.5,94.13
2772,1,82.8,47.5,30.4,38.9,109.8,108.0,48.3,2.04,94.0,82.6,46.4,23.9,36.3,106.5,103.9,51.3,1.5,94.13
2786,1,84.5,45.2,30.7,35.2,107.8,106.3,49.7,1.62,97.5,82.6,46.4,23.9,36.3,106.5,103.9,51.3,1.5,94.13
2839,1,85.1,43.5,35.6,35.4,105.4,107.0,50.9,1.43,97.79,82.6,46.4,23.9,36.3,106.5,103.9,51.3,1.5,94.13
2856,1,87.5,45.7,19.0,35.8,105.3,106.0,51.3,1.54,96.76,82.6,46.4,23.9,36.3,106.5,103.9,51.3,1.5,94.13
2910,1,84.4,44.2,32.1,33.8,104.3,112.1,49.6,1.41,98.21,84.8,45.0,24.9,36.4,105.2,100.5,50.1,1.8,95.56
2970,1,84.7,45.6,29.1,35.1,107.1,108.7,52.2,1.58,96.8,84.8,45.0,24.9,36.4,105.2,100.5,50.1,1.8,95.56
3023,0,84.6,49.7,23.1,33.8,110.1,105.4,48.9,1.8,95.77,84.8,45.0,24.9,36.4,105.2,100.5,50.1,1.8,95.56
3035,1,85.2,45.7,32.1,31.6,107.0,112.9,47.1,1.56,101.43,84.8,45.0,24.9,36.4,105.2,100.5,50.1,1.8,95.56
3059,0,79.7,48.0,25.3,37.2,109.5,104.0,52.8,1.39,97.21,84.8,45.0,24.9,36.4,105.2,100.5,50.1,1.8,95.56
3074,1,85.7,45.8,23.4,39.1,103.7,111.0,48.8,1.46,97.64,84.8,45.0,24.9,36.4,105.2,100.5,50.1,1.8,95.56
3087,1,84.7,45.6,29.1,35.1,107.1,108.7,52.2,1.58,96.8,84.8,45.0,24.9,36.4,105.2,100.5,50.1,1.8,95.56
3101,0,82.1,47.1,40.7,36.9,118.0,103.5,49.4,1.77,95.54,88.7,47.5,24.1,33.2,112.3,111.1,51.1,2.06,97.94
3119,0,81.7,47.3,26.7,38.4,110.0,101.4,53.7,1.52,96.45,88.7,47.5,24.1,33.2,112.3,111.1,51.1,2.06,97.94
3256,0,99.0,46.7,28.6,34.6,108.6,107.1,49.6,1.89,104.54,88.7,47.5,24.1,33.2,112.3,111.1,51.1,2.06,97.94
3276,0,86.6,46.7,32.8,36.0,109.5,108.3,50.7,1.68,100.77,87.7,45.1,23.5,33.7,106.1,102.9,50.7,1.79,97.03
3290,1,85.5,44.2,25.6,35.9,102.0,113.6,49.2,1.55,96.5,87.7,45.1,23.5,33.7,106.1,102.9,50.7,1.79,97.03
3348,1,85.4,42.6,29.9,33.2,99.3,104.9,48.1,1.48,97.21,87.7,45.1,23.5,33.7,106.1,102.9,50.7,1.79,97.03
3361,1,90.3,47.9,23.1,35.3,106.0,106.3,49.3,1.97,101.4,87.7,45.1,23.5,33.7,106.1,102.9,50.7,1.79,97.03
3378,1,85.5,47.4,22.6,37.4,110.6,113.0,49.6,1.66,98.15,87.7,45.1,23.5,33.7,106.1,102.9,50.7,1.79,97.03
3392,1,84.6,47.3,25.1,36.4,106.9,107.1,48.5,1.8,97.32,87.7,45.1,23.5,33.7,106.1,102.9,50.7,1.79,97.03
3408,1,84.3,46.8,25.7,39.2,107.7,109.2,51.4,1.8,95.44,87.7,45.1,23.5,33.7,106.1,102.9,50.7,1.79,97.03
3422,1,82.5,46.8,30.9,34.3,109.3,97.5,52.7,1.59,96.66,87.7,45.1,23.5,33.7,106.1,102.9,50.7,1.79,97.03
3463,1,89.0,46.4,31.0,37.3,111.9,107.9,49.4,1.64,99.23,87.7,45.1,23.5,33.7,106.1,102.9,50.7,1.79,97.03
3483,1,80.0,43.1,40.7,32.4,102.4,104.9,49.1,1.19,95.67,87.3,45.6,22.7,32.4,109.9,109.0,47.8,2.02,94.61
3533,1,87.8,43.8,30.8,30.3,103.6,103.6,51.6,1.4,97.42,87.3,45.6,22.7,32.4,109.9,109.0,47.8,2.02,94.61
3547,1,85.4,41.9,23.8,32.8,98.7,98.9,50.4,1.66,91.8,87.3,45.6,22.7,32.4,109.9,109.0,47.8,2.02,94.61
3586,0,86.8,48.4,28.3,37.1,107.4,113.0,46.4,1.81,100.92,87.3,45.6,22.7,32.4,109.9,109.0,47.8,2.02,94.61
3595,1,86.8,48.4,28.3,37.1,107.4,113.0,46.4,1.81,100.92,87.3,45.6,22.7,32.4,109.9,109.0,47.8,2.02,94.61
3645,1,92.7,42.1,21.0,19.0,94.2,104.8,46.6,2.06,104.17,85.5,45.3,21.0,45.2,115.1,96.9,53.9,1.82,95.25
3668,0,78.8,46.6,26.3,34.9,108.7,101.1,50.6,1.53,92.13,79.1,46.2,22.2,38.7,108.4,106.6,50.0,1.76,93.13
3701,0,82.7,46.6,26.8,38.8,111.4,102.2,49.4,1.78,96.68,79.1,46.2,22.2,38.7,108.4,106.6,50.0,1.76,93.13
3729,0,86.4,46.5,37.8,38.1,113.4,109.6,51.1,1.56,97.33,79.1,46.2,22.2,38.7,108.4,106.6,50.0,1.76,93.13
3742,1,86.6,44.9,19.7,34.6,105.6,104.7,50.2,1.86,94.21,79.1,46.2,22.2,38.7,108.4,106.6,50.0,1.76,93.13
3765,1,85.6,42.4,25.9,32.7,101.8,103.8,49.0,1.53,93.72,79.1,46.2,22.2,38.7,108.4,106.6,50.0,1.76,93.13
3821,1,81.1,40.9,27.8,30.8,95.9,106.2,46.8,1.36,91.6,79.1,46.2,22.2,38.7,108.4,106.6,50.0,1.76,93.13
3879,0,84.3,41.6,24.7,31.9,98.2,102.3,50.1,1.53,93.97,79.1,46.2,22.2,38.7,108.4,106.6,50.0,1.76,93.13
3903,1,83.3,49.5,22.7,37.2,111.3,108.9,49.3,1.68,97.87,83.9,49.2,21.8,42.3,112.9,101.8,52.4,1.69,96.11
3967,1,84.0,44.1,31.0,34.4,103.1,110.9,47.4,1.2,102.93,83.9,49.2,21.8,42.3,112.9,101.8,52.4,1.69,96.11
3997,1,85.9,45.2,32.1,34.9,111.1,107.8,47.9,2.03,96.0,83.9,49.2,21.8,42.3,112.9,101.8,52.4,1.69,96.11
4026,1,88.3,43.3,26.7,37.0,103.3,107.6,48.8,1.84,97.69,83.9,49.2,21.8,42.3,112.9,101.8,52.4,1.69,96.11
4072,1,84.6,43.1,18.5,27.6,102.6,109.0,52.6,1.46,94.06,83.9,49.2,21.8,42.3,112.9,101.8,52.4,1.69,96.11
4096,1,87.9,44.7,25.9,36.0,104.9,112.7,49.5,1.11,99.88,83.9,49.2,21.8,42.3,112.9,101.8,52.4,1.69,96.11
4113,1,82.9,45.1,26.7,35.9,107.0,112.6,47.6,1.51,96.63,83.9,49.2,21.8,42.3,112.9,101.8,52.4,1.69,96.11
4139,1,86.2,45.2,25.1,34.7,110.1,110.7,49.6,1.36,96.29,85.8,48.6,24.2,40.8,114.5,104.6,50.2,2.18,96.66
4172,1,84.7,43.8,28.1,36.3,108.4,110.3,49.9,1.83,97.13,85.8,48.6,24.2,40.8,114.5,104.6,50.2,2.18,96.66
4189,0,82.7,46.5,21.7,38.2,108.0,113.5,48.9,1.6,95.37,85.8,48.6,24.2,40.8,114.5,104.6,50.2,2.18,96.66
4203,1,87.3,44.3,26.7,36.4,106.3,112.4,49.1,1.56,98.0,85.8,48.6,24.2,40.8,114.5,104.6,50.2,2.18,96.66
4239,1,83.1,47.4,20.0,35.3,108.1,106.2,51.9,1.67,95.9,85.8,48.6,24.2,40.8,114.5,104.6,50.2,2.18,96.66
4253,1,88.3,49.0,27.6,38.0,116.8,115.7,53.0,1.94,99.68,85.8,48.6,24.2,40.8,114.5,104.6,50.2,2.18,96.66
4331,0,82.6,45.9,30.9,37.7,108.8,105.3,46.1,1.92,93.06,85.8,48.6,24.2,40.8,114.5,104.6,50.2,2.18,96.66
4342,1,86.6,44.2,26.8,31.1,105.7,107.8,51.0,1.35,98.9,85.8,48.6,24.2,40.8,114.5,104.6,50.2,2.18,96.66
4359,1,86.8,43.6,28.6,30.9,102.9,108.9,47.3,1.46,102.29,84.9,46.2,22.4,35.7,108.7,97.8,53.5,1.61,96.05
4377,1,89.8,46.6,32.7,38.8,112.3,113.1,53.3,1.73,99.77,84.9,46.2,22.4,35.7,108.7,97.8,53.5,1.61,96.05
4517,1,83.5,44.9,23.8,38.2,106.2,109.1,48.8,1.55,93.84,84.4,45.9,26.5,35.9,108.1,102.9,50.1,1.71,94.08
4540,1,84.1,47.3,17.9,35.9,111.4,112.0,49.3,1.77,93.99,84.4,45.9,26.5,35.9,108.1,102.9,50.1,1.71,94.08
4556,1,87.3,45.9,38.8,34.9,114.4,109.7,50.9,1.63,101.57,84.4,45.9,26.5,35.9,108.1,102.9,50.1,1.71,94.08
4571,1,82.4,46.5,20.6,40.3,104.0,114.2,46.9,1.44,95.26,84.4,45.9,26.5,35.9,108.1,102.9,50.1,1.71,94.08
4594,1,85.4,47.6,30.3,37.7,110.1,102.1,49.3,1.92,97.03,84.4,45.9,26.5,35.9,108.1,102.9,50.1,1.71,94.08
4609,1,82.0,44.1,25.3,34.1,102.7,105.2,51.2,1.26,98.63,84.4,45.9,26.5,35.9,108.1,102.9,50.1,1.71,94.08
4625,0,84.3,48.7,24.9,41.7,113.2,106.6,52.3,1.45,97.02,84.4,45.9,26.5,35.9,108.1,102.9,50.1,1.71,94.08
4656,1,82.4,46.5,20.6,40.3,104.0,114.2,46.9,1.44,95.26,84.4,45.9,26.5,35.9,108.1,102.9,50.1,1.71,94.08
4684,1,83.7,43.4,28.3,33.5,108.1,110.3,51.4,1.86,91.73,84.4,45.9,26.5,35.9,108.1,102.9,50.1,1.71,94.08
4699,1,85.1,44.6,21.6,31.6,105.4,109.4,47.7,1.7,95.75,84.4,45.9,26.5,35.9,108.1,102.9,50.1,1.71,94.08
4713,1,83.1,48.2,32.8,37.2,111.6,114.8,47.7,1.81,95.15,84.4,45.9,26.5,35.9,108.1,102.9,50.1,1.71,94.08
4732,0,85.4,47.6,30.3,37.7,110.1,102.1,49.3,1.92,97.03,84.4,45.9,26.5,35.9,108.1,102.9,50.1,1.71,94.08
4760,1,80.8,49.1,25.3,42.8,113.9,110.4,51.3,1.8,91.17,84.4,44.8,23.9,40.1,104.3,104.0,50.4,1.63,92.2
4776,1,80.2,45.5,25.7,40.3,104.9,108.7,48.7,1.57,89.94,84.4,44.8,23.9,40.1,104.3,104.0,50.4,1.63,92.2
4785,0,87.7,46.3,20.9,31.5,105.4,104.3,50.7,1.51,98.43,84.4,44.8,23.9,40.1,104.3,104.0,50.4,1.63,92.2
4808,0,80.4,51.5,26.4,37.1,118.4,101.7,52.7,2.19,95.2,84.4,44.8,23.9,40.1,104.3,104.0,50.4,1.63,92.2
4848,1,80.2,45.5,25.7,40.3,104.9,108.7,48.7,1.57,89.94,84.4,44.8,23.9,40.1,104.3,104.0,50.4,1.63,92.2
4855,1,80.2,45.5,25.7,40.3,104.9,108.7,48.7,1.57,89.94,84.4,44.8,23.9,40.1,104.3,104.0,50.4,1.63,92.2
4880,1,80.2,45.5,25.7,40.3,104.9,108.7,48.7,1.57,89.94,84.4,44.8,23.9,40.1,104.3,104.0,50.4,1.63,92.2
4918,1,83.0,43.4,12.7,21.1,92.7,110.4,45.8,1.43,95.83,89.5,47.5,18.5,37.8,105.1,94.9,53.7,1.45,98.75
4980,1,83.5,45.5,26.7,36.3,105.7,100.8,48.5,1.76,97.19,82.6,46.7,19.3,35.9,103.2,94.3,52.2,1.73,95.0
5032,1,82.1,42.0,27.1,31.6,93.7,104.4,47.9,1.04,98.03,82.6,46.7,19.3,35.9,103.2,94.3,52.2,1.73,95.0
5046,1,83.9,44.4,25.2,34.7,104.0,104.9,51.6,1.33,95.7,82.6,46.7,19.3,35.9,103.2,94.3,52.2,1.73,95.0
5062,1,83.8,43.0,22.6,32.4,100.9,109.0,50.5,1.35,96.16,82.6,46.7,19.3,35.9,103.2,94.3,52.2,1.73,95.0
5085,1,81.6,42.3,18.1,31.7,99.8,103.4,49.2,1.4,96.27,82.6,46.7,19.3,35.9,103.2,94.3,52.2,1.73,95.0
5097,1,88.0,45.2,26.5,41.5,106.8,106.0,50.7,1.27,100.54,82.6,46.7,19.3,35.9,103.2,94.3,52.2,1.73,95.0
5114,1,81.8,44.5,25.9,31.1,102.1,102.0,48.3,1.51,97.94,82.6,46.7,19.3,35.9,103.2,94.3,52.2,1.73,95.0
5132,1,83.1,45.6,27.1,35.4,106.0,103.4,49.0,1.73,96.85,82.6,46.7,19.3,35.9,103.2,94.3,52.2,1.73,95.0
5165,1,84.5,47.0,13.6,34.1,102.3,107.4,49.7,1.57,96.78,80.9,50.7,18.3,39.2,112.6,92.9,54.5,1.86,93.81
5186,1,88.4,44.1,26.8,34.9,104.2,100.4,49.3,1.7,99.06,80.9,50.7,18.3,39.2,112.6,92.9,54.5,1.86,93.81
5233,1,86.8,41.5,25.5,32.1,99.0,111.0,47.3,1.32,96.96,80.9,50.7,18.3,39.2,112.6,92.9,54.5,1.86,93.81
5254,1,80.7,43.4,25.9,36.0,106.0,108.2,51.5,1.21,91.56,80.9,50.7,18.3,39.2,112.6,92.9,54.5,1.86,93.81
5269,1,84.4,46.6,23.9,38.0,105.2,105.5,47.9,1.73,98.31,80.9,50.7,18.3,39.2,112.6,92.9,54.5,1.86,93.81
5283,1,82.6,45.1,26.3,37.1,105.7,102.8,48.4,1.75,96.03,80.9,50.7,18.3,39.2,112.6,92.9,54.5,1.86,93.81
5306,1,86.9,44.4,26.1,34.2,104.6,104.2,49.5,1.3,97.54,80.9,50.7,18.3,39.2,112.6,92.9,54.5,1.86,93.81
5340,1,86.1,44.7,25.7,36.6,106.4,109.9,51.3,1.7,94.78,80.9,50.7,18.3,39.2,112.6,92.9,54.5,1.86,93.81
5355,1,81.6,44.9,15.0,32.1,102.4,108.1,48.4,1.51,95.51,80.9,50.7,18.3,39.2,112.6,92.9,54.5,1.86,93.81
5371,1,83.6,45.1,24.5,36.5,101.8,108.0,48.5,1.23,97.38,80.9,50.7,18.3,39.2,112.6,92.9,54.5,1.86,93.81
5392,1,82.7,45.3,31.8,36.2,109.1,110.7,49.6,1.45,96.77,85.5,50.2,17.8,41.8,115.8,102.3,51.3,2.14,95.73
5422,1,79.7,46.1,25.9,36.6,107.0,103.4,50.8,1.37,90.06,85.5,50.2,17.8,41.8,115.8,102.3,51.3,2.14,95.73
5436,1,85.6,44.9,19.8,34.8,107.0,109.3,49.0,1.79,93.33,85.5,50.2,17.8,41.8,115.8,102.3,51.3,2.14,95.73
5480,1,84.3,47.3,28.5,36.6,113.9,105.4,53.2,1.85,93.08,85.5,50.2,17.8,41.8,115.8,102.3,51.3,2.14,95.73
5502,1,84.1,43.2,28.3,32.5,102.7,105.3,47.2,1.63,92.79,85.5,50.2,17.8,41.8,115.8,102.3,51.3,2.14,95.73
5578,1,82.7,45.3,31.8,36.2,109.1,110.7,49.6,1.45,96.77,85.5,50.2,17.8,41.8,115.8,102.3,51.3,2.14,95.73
5615,1,90.7,45.1,23.1,34.7,105.2,107.5,50.6,1.79,99.89,83.2,49.3,18.3,44.1,111.4,101.7,50.1,1.87,96.08
5631,1,86.8,45.2,21.2,32.3,105.6,110.9,48.9,1.77,97.54,83.2,49.3,18.3,44.1,111.4,101.7,50.1,1.87,96.08
5656,1,84.2,43.0,27.3,37.0,111.1,116.3,49.4,1.44,95.85,83.2,49.3,18.3,44.1,111.4,101.7,50.1,1.87,96.08
5795,1,85.7,45.3,25.0,32.8,107.8,109.1,54.0,1.6,96.07,83.0,47.6,19.1,33.0,108.4,99.6,50.3,1.96,93.34
5818,1,84.6,47.5,21.2,35.0,105.1,106.1,47.8,1.56,100.68,83.0,47.6,19.1,33.0,108.4,99.6,50.3,1.96,93.34
5850,1,86.9,44.5,23.3,39.4,104.6,108.7,49.3,1.82,96.79,83.0,47.6,19.1,33.0,108.4,99.6,50.3,1.96,93.34
5869,1,86.1,47.6,25.1,31.7,112.1,104.5,56.4,1.46,97.38,83.0,47.6,19.1,33.0,108.4,99.6,50.3,1.96,93.34
5891,1,80.6,46.3,29.3,35.8,107.8,106.5,44.5,1.84,96.19,83.0,47.6,19.1,33.0,108.4,99.6,50.3,1.96,93.34
5908,1,86.5,43.9,29.6,38.9,108.8,109.9,50.2,1.48,98.59,83.0,47.6,19.1,33.0,108.4,99.6,50.3,1.96,93.34
5926,1,87.8,47.9,33.5,39.8,114.3,104.1,51.5,2.04,98.56,83.0,47.6,19.1,33.0,108.4,99.6,50.3,1.96,93.34
5953,1,83.4,50.8,16.7,40.6,113.7,107.3,52.8,1.69,95.67,83.0,47.6,19.1,33.0,108.4,99.6,50.3,1.96,93.34
5968,1,87.9,42.8,18.6,30.3,104.0,110.2,50.4,1.34,95.07,83.0,47.6,19.1,33.0,108.4,99.6,50.3,1.96,93.34
6008,1,86.7,43.7,23.0,36.1,101.8,107.1,49.7,1.59,99.24,83.0,47.6,19.1,33.0,108.4,99.6,50.3,1.96,93.34
6030,1,80.9,46.2,24.3,37.1,110.3,104.5,52.0,1.56,91.31,80.7,43.9,17.3,28.9,103.4,103.4,49.1,1.81,91.85
6091,0,86.1,49.9,34.7,42.0,112.3,105.3,50.7,1.7,98.46,80.7,43.9,17.3,28.9,103.4,103.4,49.1,1.81,91.85
6105,1,87.3,46.4,29.3,35.2,112.2,105.1,54.9,1.27,98.46,80.7,43.9,17.3,28.9,103.4,103.4,49.1,1.81,91.85
6127,1,90.6,42.0,20.9,33.6,105.2,113.7,52.0,1.48,93.86,80.7,43.9,17.3,28.9,103.4,103.4,49.1,1.81,91.85
6133,1,90.6,42.0,20.9,33.6,105.2,113.7,52.0,1.48,93.86,80.7,43.9,17.3,28.9,103.4,103.4,49.1,1.81,91.85
6163,1,87.3,46.4,29.3,35.2,112.2,105.1,54.9,1.27,98.46,80.7,43.9,17.3,28.9,103.4,103.4,49.1,1.81,91.85
6165,1,81.5,52.1,21.0,38.1,122.9,114.0,51.5,2.21,89.25,74.0,46.6,26.5,41.5,105.6,107.8,49.5,1.26,90.0
6227,1,80.7,47.1,24.1,35.0,109.4,106.3,49.5,1.71,93.36,81.0,46.4,21.1,35.6,105.8,97.2,52.1,1.68,94.54
6252,0,84.6,45.3,20.1,34.8,107.8,107.1,48.7,1.89,93.18,81.0,46.4,21.1,35.6,105.8,97.2,52.1,1.68,94.54
6315,1,80.6,41.9,23.6,30.2,93.6,108.8,47.1,1.07,97.89,81.0,46.4,21.1,35.6,105.8,97.2,52.1,1.68,94.54
6354,1,81.4,45.1,21.3,33.2,103.7,104.1,48.3,1.36,92.93,81.0,46.4,21.1,35.6,105.8,97.2,52.1,1.68,94.54
6383,1,83.6,42.2,22.0,33.6,101.2,103.5,53.1,1.31,91.43,81.0,46.4,21.1,35.6,105.8,97.2,52.1,1.68,94.54
6394,1,77.7,46.9,14.5,32.7,107.8,107.0,55.2,1.22,93.76,81.0,46.4,21.1,35.6,105.8,97.2,52.1,1.68,94.54
6454,1,85.6,42.8,12.7,30.5,97.6,108.9,48.6,1.58,97.66,84.6,46.6,22.3,38.1,106.1,105.9,49.4,1.61,93.54
6486,1,83.1,44.4,20.4,33.1,103.5,113.0,48.4,1.54,90.6,84.6,46.6,22.3,38.1,106.1,105.9,49.4,1.61,93.54
6502,0,87.9,42.9,22.7,40.9,103.6,108.8,47.8,1.73,96.53,84.6,46.6,22.3,38.1,106.1,105.9,49.4,1.61,93.54
6538,0,86.1,46.4,17.1,35.6,108.0,106.7,49.0,1.97,91.72,84.6,46.6,22.3,38.1,106.1,105.9,49.4,1.61,93.54
6553,0,87.7,45.2,27.6,37.1,106.1,98.9,49.8,1.55,94.7,84.6,46.6,22.3,38.1,106.1,105.9,49.4,1.61,93.54
6577,1,83.5,46.5,26.7,39.6,112.2,105.5,51.0,2.02,95.53,84.6,46.6,22.3,38.1,106.1,105.9,49.4,1.61,93.54
6591,0,86.3,46.4,22.1,31.7,109.4,103.0,53.4,1.39,97.26,84.6,46.6,22.3,38.1,106.1,105.9,49.4,1.61,93.54
6617,1,86.5,43.4,33.6,34.2,104.6,101.4,51.1,1.14,97.73,84.6,46.6,22.3,38.1,106.1,105.9,49.4,1.61,93.54
6643,1,85.2,46.3,19.2,33.0,107.5,109.6,52.1,1.61,94.29,84.6,46.6,22.3,38.1,106.1,105.9,49.4,1.61,93.54
6662,1,81.4,48.0,16.8,36.0,104.7,104.5,52.4,1.55,93.72,83.9,43.2,23.8,35.4,104.2,99.8,50.0,1.8,94.21
6684,0,85.9,43.3,28.0,34.0,105.8,104.1,51.4,1.53,95.76,83.9,43.2,23.8,35.4,104.2,99.8,50.0,1.8,94.21
6708,1,87.6,47.0,26.5,32.5,106.8,104.9,49.2,1.35,98.96,83.9,43.2,23.8,35.4,104.2,99.8,50.0,1.8,94.21
6758,1,86.3,42.4,29.5,35.2,103.1,103.4,48.7,1.63,95.93,83.9,43.2,23.8,35.4,104.2,99.8,50.0,1.8,94.21
6773,1,80.3,44.1,23.0,35.4,103.1,103.1,53.3,1.24,92.17,83.9,43.2,23.8,35.4,104.2,99.8,50.0,1.8,94.21
6811,1,82.4,43.0,17.3,30.0,97.5,104.4,49.2,1.39,94.59,83.9,43.2,23.8,35.4,104.2,99.8,50.0,1.8,94.21
6826,1,80.6,47.0,18.0,40.9,102.8,96.5,48.4,1.49,94.79,83.9,43.2,23.8,35.4,104.2,99.8,50.0,1.8,94.21
6850,1,85.1,41.4,16.4,27.4,99.4,95.1,52.7,1.69,93.52,83.9,43.2,23.8,35.4,104.2,99.8,50.0,1.8,94.21
6875,0,84.6,47.9,26.4,36.4,115.3,104.0,49.8,2.31,94.6,83.9,43.2,23.8,35.4,104.2,99.8,50.0,1.8,94.21
6900,1,81.8,46.2,20.6,30.6,100.6,102.0,50.3,1.34,91.98,86.0,44.5,24.5,33.0,103.9,100.7,50.5,1.78,95.18
6918,1,79.9,45.3,20.8,35.7,103.8,104.8,51.5,1.33,92.94,86.0,44.5,24.5,33.0,103.9,100.7,50.5,1.78,95.18
7068,1,82.6,45.0,18.3,37.3,106.9,109.9,51.1,1.35,96.23,83.8,50.3,21.3,38.9,114.3,101.4,51.4,1.97,95.08
7083,1,87.5,45.0,26.4,36.2,105.8,103.4,49.4,1.56,97.36,83.8,50.3,21.3,38.9,114.3,101.4,51.4,1.97,95.08
7093,1,81.4,44.6,23.6,35.6,105.7,104.1,51.0,1.73,93.38,83.8,50.3,21.3,38.9,114.3,101.4,51.4,1.97,95.08
7111,1,81.9,46.0,23.1,38.4,111.8,112.4,48.0,1.91,92.3,83.8,50.3,21.3,38.9,114.3,101.4,51.4,1.97,95.08
7127,0,82.7,46.9,30.7,39.9,113.4,104.0,52.6,1.58,92.94,83.8,50.3,21.3,38.9,114.3,101.4,51.4,1.97,95.08
7148,1,80.8,44.7,14.1,34.1,102.3,112.1,47.6,1.38,93.98,83.8,50.3,21.3,38.9,114.3,101.4,51.4,1.97,95.08
7190,1,87.3,42.8,26.0,31.2,103.2,103.0,49.5,1.82,95.17,83.8,50.3,21.3,38.9,114.3,101.4,51.4,1.97,95.08
7233,1,87.6,46.0,22.5,37.6,110.0,108.1,53.7,1.32,98.88,83.8,50.3,21.3,38.9,114.3,101.4,51.4,1.97,95.08
7246,1,84.4,44.7,21.4,34.9,101.4,104.6,47.2,1.44,97.58,83.8,50.3,21.3,38.9,114.3,101.4,51.4,1.97,95.08
7261,1,80.4,45.4,15.0,37.6,101.9,102.3,49.0,1.5,92.68,83.8,50.3,21.3,38.9,114.3,101.4,51.4,1.97,95.08
7296,1,93.3,44.2,27.8,33.3,109.3,114.6,50.6,1.57,98.44,83.9,51.0,21.9,37.7,113.1,100.0,52.3,1.82,95.81
7312,1,90.1,47.6,27.6,41.2,111.4,107.7,50.7,2.02,100.25,83.9,51.0,21.9,37.7,113.1,100.0,52.3,1.82,95.81
7331,1,78.9,47.2,29.0,37.1,109.9,104.8,50.2,1.4,99.56,83.9,51.0,21.9,37.7,113.1,100.0,52.3,1.82,95.81
7363,1,82.0,42.2,20.7,30.3,97.4,108.5,46.3,1.45,92.79,83.9,51.0,21.9,37.7,113.1,100.0,52.3,1.82,95.81
7415,1,82.6,47.2,28.4,39.2,114.6,103.8,50.4,2.25,94.29,83.9,51.0,21.9,37.7,113.1,100.0,52.3,1.82,95.81
7421,0,82.6,47.2,28.4,39.2,114.6,103.8,50.4,2.25,94.29,83.9,51.0,21.9,37.7,113.1,100.0,52.3,1.82,95.81
7432,0,82.6,47.2,28.4,39.2,114.6,103.8,50.4,2.25,94.29,83.9,51.0,21.9,37.7,113.1,100.0,52.3,1.82,95.81
7444,1,93.0,41.9,15.0,53.3,98.9,106.3,53.1,1.71,95.0,76.0,52.6,20.0,55.0,106.3,98.9,46.9,1.67,95.0
7500,1,81.1,46.2,25.6,37.6,105.7,104.5,48.7,1.17,95.38,83.5,48.6,20.9,38.3,105.4,94.9,49.7,1.68,96.59
7514,1,81.6,46.1,22.8,40.9,102.3,99.5,51.0,1.32,96.33,83.5,48.6,20.9,38.3,105.4,94.9,49.7,1.68,96.59
7549,1,84.5,44.7,22.9,39.0,102.1,103.2,47.7,1.54,94.45,83.5,48.6,20.9,38.3,105.4,94.9,49.7,1.68,96.59
7602,1,82.1,44.3,17.8,33.8,98.8,102.6,49.5,1.09,94.44,83.5,48.6,20.9,38.3,105.4,94.9,49.7,1.68,96.59
7626,1,83.4,41.9,20.0,35.0,96.1,105.6,49.1,1.08,94.04,83.5,48.6,20.9,38.3,105.4,94.9,49.7,1.68,96.59
7640,1,86.0,46.0,15.3,39.7,107.1,105.1,50.3,1.69,95.96,83.5,48.6,20.9,38.3,105.4,94.9,49.7,1.68,96.59
7677,0,77.6,49.0,27.2,38.2,110.5,104.4,52.3,1.19,97.85,83.5,48.6,20.9,38.3,105.4,94.9,49.7,1.68,96.59
7690,1,87.6,47.1,29.2,39.6,109.1,104.1,49.5,1.84,96.31,85.1,48.2,20.7,40.2,110.8,105.5,50.6,1.75,96.4
7727,0,79.2,47.0,20.6,35.8,107.6,99.8,52.5,1.5,93.11,85.1,48.2,20.7,40.2,110.8,105.5,50.6,1.75,96.4
7769,1,88.8,42.8,22.9,34.6,108.0,105.5,53.7,1.69,97.53,85.1,48.2,20.7,40.2,110.8,105.5,50.6,1.75,96.4
7830,0,83.5,48.7,19.8,37.5,110.6,99.5,52.9,1.52,97.09,85.1,48.2,20.7,40.2,110.8,105.5,50.6,1.75,96.4
7845,1,83.0,44.7,22.3,35.6,106.4,104.6,49.9,1.38,94.24,85.1,48.2,20.7,40.2,110.8,105.5,50.6,1.75,96.4
7852,0,80.8,45.8,25.8,29.9,105.9,106.7,49.1,1.29,95.81,85.1,48.2,20.7,40.2,110.8,105.5,50.6,1.75,96.4
7882,1,82.6,46.0,18.9,36.0,107.4,110.2,50.6,1.28,96.15,85.1,48.2,20.7,40.2,110.8,105.5,50.6,1.75,96.4
7895,1,76.4,45.8,21.4,38.5,105.3,109.7,45.8,1.46,92.6,85.1,48.2,20.7,40.2,110.8,105.5,50.6,1.75,96.4
7908,0,81.7,46.4,22.4,39.4,109.5,106.4,52.2,1.54,91.75,78.2,51.0,19.4,41.3,110.9,104.2,50.4,1.65,92.88
7925,1,80.9,48.2,24.8,37.8,113.8,105.6,48.9,1.81,96.0,78.2,51.0,19.4,41.3,110.9,104.2,50.4,1.65,92.88
7951,1,82.1,48.0,22.5,35.9,110.5,109.5,46.6,1.86,94.91,78.2,51.0,19.4,41.3,110.9,104.2,50.4,1.65,92.88
7985,1,87.0,45.3,19.9,36.5,107.9,101.9,51.1,1.88,97.3,78.2,51.0,19.4,41.3,110.9,104.2,50.4,1.65,92.88
8004,1,79.8,47.1,18.6,38.1,107.6,108.4,50.1,1.54,93.67,78.2,51.0,19.4,41.3,110.9,104.2,50.4,1.65,92.88
8020,0,90.7,44.8,23.2,35.1,112.2,108.5,53.7,1.91,96.93,78.2,51.0,19.4,41.3,110.9,104.2,50.4,1.65,92.88
8035,1,82.1,42.5,21.8,33.9,97.2,112.3,46.7,1.41,93.27,78.2,51.0,19.4,41.3,110.9,104.2,50.4,1.65,92.88
8060,0,81.7,48.7,21.8,37.7,112.5,104.2,52.4,1.34,94.41,78.2,51.0,19.4,41.3,110.9,104.2,50.4,1.65,92.88
8113,0,83.3,43.1,19.6,36.7,102.6,99.4,51.9,1.76,90.88,78.2,51.0,19.4,41.3,110.9,104.2,50.4,1.65,92.88
8135,1,81.2,43.8,15.1,34.3,104.9,104.9,51.5,1.14,95.55,81.8,47.4,20.8,34.8,105.6,104.3,48.5,1.48,96.0
8289,1,89.3,45.8,17.5,33.9,108.5,109.0,50.8,1.67,96.69,81.8,47.4,20.8,34.8,105.6,104.3,48.5,1.48,96.0
8301,1,82.4,44.3,19.2,36.5,104.9,101.2,51.1,2.15,93.0,81.8,47.4,20.8,34.8,105.6,104.3,48.5,1.48,96.0
8318,1,83.7,47.4,23.0,40.7,110.2,108.0,49.3,1.65,95.06,86.1,49.2,23.8,43.7,115.6,97.4,52.4,2.1,96.91
8344,1,75.8,48.8,21.8,35.5,109.4,105.5,48.4,1.5,89.59,86.1,49.2,23.8,43.7,115.6,97.4,52.4,2.1,96.91
8361,1,84.5,45.1,17.9,32.7,101.3,107.0,50.5,1.4,94.66,86.1,49.2,23.8,43.7,115.6,97.4,52.4,2.1,96.91
8395,1,83.9,43.6,27.3,34.1,106.6,105.1,50.7,1.5,94.78,86.1,49.2,23.8,43.7,115.6,97.4,52.4,2.1,96.91
8408,1,88.8,45.9,23.5,38.6,105.4,114.4,45.1,1.74,103.43,86.1,49.2,23.8,43.7,115.6,97.4,52.4,2.1,96.91
8423,1,79.8,43.8,20.7,33.5,101.0,113.9,50.2,1.32,91.56,86.1,49.2,23.8,43.7,115.6,97.4,52.4,2.1,96.91
8484,1,85.5,41.7,26.1,31.6,96.5,108.6,47.5,1.25,97.94,86.1,49.2,23.8,43.7,115.6,97.4,52.4,2.1,96.91
8498,1,85.4,46.2,24.6,36.1,106.1,109.1,49.3,1.48,101.06,86.1,49.2,23.8,43.7,115.6,97.4,52.4,2.1,96.91
8522,1,80.4,47.0,15.8,31.7,107.2,109.4,48.9,1.51,93.24,86.1,49.2,23.8,43.7,115.6,97.4,52.4,2.1,96.91
8676,1,91.2,49.2,28.9,41.9,112.1,103.7,48.9,1.84,98.93,87.6,45.9,23.9,36.1,107.1,106.0,49.9,1.88,96.56
8677,1,84.5,47.6,14.9,35.3,107.9,105.3,53.5,1.56,92.48,87.6,45.9,23.9,36.1,107.1,106.0,49.9,1.88,96.56
8678,1,82.3,47.4,22.5,35.6,109.1,107.5,48.9,1.22,95.06,87.6,45.9,23.9,36.1,107.1,106.0,49.9,1.88,96.56
8679,0,88.2,44.5,27.8,36.8,104.5,111.7,45.1,2.23,101.44,87.6,45.9,23.9,36.1,107.1,106.0,49.9,1.88,96.56
8680,1,85.6,48.2,25.0,39.5,112.4,109.7,49.8,1.85,90.21,87.6,45.9,23.9,36.1,107.1,106.0,49.9,1.88,96.56
8681,0,85.6,48.2,25.0,39.5,112.4,109.7,49.8,1.85,90.21,87.6,45.9,23.9,36.1,107.1,106.0,49.9,1.88,96.56
8682,1,85.6,48.2,25.0,39.5,112.4,109.7,49.8,1.85,90.21,87.6,45.9,23.9,36.1,107.1,106.0,49.9,1.88,96.56
8715,1,76.6,48.5,18.8,41.7,111.2,101.5,51.7,1.35,93.68,81.8,47.9,21.4,37.6,107.7,100.5,49.4,1.65,93.99
8736,1,82.8,43.5,18.7,35.1,104.4,104.9,50.3,1.43,91.71,81.8,47.9,21.4,37.6,107.7,100.5,49.4,1.65,93.99
8748,1,82.5,40.7,20.4,32.4,98.0,98.8,52.2,1.25,90.74,81.8,47.9,21.4,37.6,107.7,100.5,49.4,1.65,93.99
8821,0,81.7,45.8,28.1,41.6,111.2,102.6,48.0,1.76,91.53,81.8,47.9,21.4,37.6,107.7,100.5,49.4,1.65,93.99
8837,1,85.1,46.1,19.4,33.5,107.1,106.6,52.6,1.38,93.59,81.8,47.9,21.4,37.6,107.7,100.5,49.4,1.65,93.99
8853,0,78.7,47.1,19.6,35.8,106.5,102.8,49.3,1.36,92.6,81.8,47.9,21.4,37.6,107.7,100.5,49.4,1.65,93.99
8941,1,84.4,42.4,14.1,31.5,98.5,98.3,53.3,1.25,90.3,82.4,49.5,23.5,41.5,110.4,98.5,50.4,1.69,97.45
8966,1,83.9,41.6,17.2,37.2,99.6,99.8,48.5,1.42,93.68,82.4,49.5,23.5,41.5,110.4,98.5,50.4,1.69,97.45
8980,1,83.1,47.3,28.4,37.0,108.3,105.3,49.9,1.47,100.13,82.4,49.5,23.5,41.5,110.4,98.5,50.4,1.69,97.45
9046,1,81.4,44.5,17.9,33.1,98.9,104.0,48.3,1.57,91.49,82.4,49.5,23.5,41.5,110.4,98.5,50.4,1.69,97.45
9089,1,80.0,43.9,18.3,35.5,101.1,108.3,49.9,1.43,87.99,82.4,49.5,23.5,41.5,110.4,98.5,50.4,1.69,97.45
9104,1,84.9,44.3,18.9,30.7,98.7,106.3,48.3,1.35,95.97,82.4,49.5,23.5,41.5,110.4,98.5,50.4,1.69,97.45
9119,1,80.1,44.5,24.8,33.4,106.8,107.6,46.2,1.96,90.47,82.4,49.5,23.5,41.5,110.4,98.5,50.4,1.69,97.45
9133,1,83.1,47.3,28.4,37.0,108.3,105.3,49.9,1.47,100.13,82.4,49.5,23.5,41.5,110.4,98.5,50.4,1.69,97.45
9157,1,77.4,43.2,22.9,33.3,103.2,109.4,50.7,1.21,88.63,82.4,49.5,23.5,41.5,110.4,98.5,50.4,1.69,97.45
9197,1,84.5,46.1,16.6,36.5,99.2,105.3,47.1,1.74,93.73,80.5,48.8,22.5,35.5,106.4,99.2,48.9,1.74,94.74
9224,1,82.1,46.1,24.9,33.9,105.0,106.8,50.6,1.58,95.97,80.5,48.8,22.5,35.5,106.4,99.2,48.9,1.74,94.74
9253,1,80.4,42.9,16.3,29.0,100.9,109.3,50.2,1.45,92.1,80.5,48.8,22.5,35.5,106.4,99.2,48.9,1.74,94.74
9277,1,82.7,43.6,12.6,32.6,102.2,100.3,53.4,1.42,88.07,80.5,48.8,22.5,35.5,106.4,99.2,48.9,1.74,94.74
9291,1,81.4,46.1,19.5,40.8,105.0,106.4,48.7,1.57,95.13,80.5,48.8,22.5,35.5,106.4,99.2,48.9,1.74,94.74
9325,1,82.6,45.9,19.8,37.0,106.1,106.1,52.4,1.56,91.16,80.5,48.8,22.5,35.5,106.4,99.2,48.9,1.74,94.74
9349,1,81.4,43.5,15.5,31.3,97.8,101.7,49.2,1.37,93.46,80.5,48.8,22.5,35.5,106.4,99.2,48.9,1.74,94.74
9379,1,78.6,43.0,12.9,36.7,100.2,109.7,48.2,1.2,91.53,80.5,48.8,22.5,35.5,106.4,99.2,48.9,1.74,94.74
9403,1,80.8,46.2,16.6,41.2,101.2,98.9,49.6,1.5,94.04,78.9,47.7,20.5,36.7,107.5,99.6,46.1,1.78,94.84
9560,0,84.8,43.2,14.1,30.1,95.1,106.0,51.6,1.33,94.33,78.9,47.7,20.5,36.7,107.5,99.6,46.1,1.78,94.84
9574,1,85.1,47.9,25.3,36.8,111.4,107.9,49.4,1.59,96.33,80.9,49.1,19.6,39.6,109.0,103.5,51.0,1.77,94.05
9588,1,79.3,43.7,20.4,33.0,99.0,115.7,48.2,1.47,90.36,80.9,49.1,19.6,39.6,109.0,103.5,51.0,1.77,94.05
9612,1,84.0,43.7,18.7,35.9,103.5,106.8,50.8,1.76,90.75,80.9,49.1,19.6,39.6,109.0,103.5,51.0,1.77,94.05
9625,0,81.9,47.1,21.6,42.8,109.8,109.6,49.9,1.81,92.44,80.9,49.1,19.6,39.6,109.0,103.5,51.0,1.77,94.05
9646,1,78.1,47.2,18.4,31.9,108.3,100.5,51.3,1.29,95.04,80.9,49.1,19.6,39.6,109.0,103.5,51.0,1.77,94.05
9669,1,81.6,49.1,21.3,40.3,108.3,108.1,48.3,1.76,94.11,80.9,49.1,19.6,39.6,109.0,103.5,51.0,1.77,94.05
9684,1,82.4,43.6,18.7,33.6,99.7,110.1,47.9,1.48,93.61,80.9,49.1,19.6,39.6,109.0,103.5,51.0,1.77,94.05
9718,1,82.8,45.5,20.1,40.8,104.4,99.2,50.7,1.49,95.66,80.9,49.1,19.6,39.6,109.0,103.5,51.0,1.77,94.05
9732,1,82.8,45.7,16.6,37.6,104.9,104.2,52.7,1.4,92.24,80.9,49.1,19.6,39.6,109.0,103.5,51.0,1.77,94.05
9769,1,83.5,48.8,16.2,34.6,109.9,101.7,51.3,1.58,95.5,80.9,49.1,19.6,39.6,109.0,103.5,51.0,1.77,94.05
9784,1,79.9,48.0,25.5,35.0,111.6,107.7,52.2,1.65,89.94,80.9,49.1,19.6,39.6,109.0,103.5,51.0,1.77,94.05
9800,0,75.1,49.7,22.1,40.3,111.4,100.0,46.4,1.7,91.03,80.9,49.1,19.6,39.6,109.0,103.5,51.0,1.77,94.05
9819,1,87.0,43.0,13.5,31.5,97.9,107.8,50.4,1.46,93.16,84.2,43.9,20.7,32.3,97.7,101.3,49.3,1.66,97.22
9845,1,82.1,46.0,22.0,30.1,103.7,105.5,48.1,1.81,95.44,84.2,43.9,20.7,32.3,97.7,101.3,49.3,1.66,97.22
9888,1,88.1,43.3,23.8,33.7,105.0,110.9,49.2,1.65,98.13,84.2,43.9,20.7,32.3,97.7,101.3,49.3,1.66,97.22
9927,0,82.4,44.8,18.5,34.1,103.5,104.1,47.3,1.86,96.1,84.2,43.9,20.7,32.3,97.7,101.3,49.3,1.66,97.22
9937,1,78.0,45.5,24.5,32.7,108.2,104.3,53.1,1.56,91.74,84.2,43.9,20.7,32.3,97.7,101.3,49.3,1.66,97.22
9947,1,78.0,45.5,24.5,32.7,108.2,104.3,53.1,1.56,91.74,84.2,43.9,20.7,32.3,97.7,101.3,49.3,1.66,97.22
9979,1,80.0,47.1,9.3,17.9,102.8,101.4,54.8,1.02,94.0,83.8,45.1,21.3,37.6,107.8,99.2,53.5,1.44,92.38
9995,1,78.3,45.5,19.3,37.9,107.6,115.4,45.0,1.97,91.33,83.8,45.1,21.3,37.6,107.8,99.2,53.5,1.44,92.38
10021,1,84.3,40.1,15.3,26.2,96.0,110.1,47.0,1.43,94.38,83.8,45.1,21.3,37.6,107.8,99.2,53.5,1.44,92.38
10057,1,80.8,46.7,20.7,39.0,103.0,105.0,46.1,1.53,94.71,82.6,46.3,20.1,38.8,104.7,102.3,49.9,1.72,91.49
10061,1,81.1,44.8,20.8,32.4,102.2,95.5,50.8,1.52,91.61,82.6,46.3,20.1,38.8,104.7,102.3,49.9,1.72,91.49
10082,1,79.7,48.5,19.6,35.0,107.3,101.5,51.6,1.45,95.6,82.6,46.3,20.1,38.8,104.7,102.3,49.9,1.72,91.49
10115,1,86.1,44.8,19.6,32.1,103.6,101.8,51.3,1.38,93.75,82.6,46.3,20.1,38.8,104.7,102.3,49.9,1.72,91.49
10132,1,82.5,43.2,19.1,30.0,101.2,98.0,50.2,1.54,93.51,82.6,46.3,20.1,38.8,104.7,102.3,49.9,1.72,91.49
10149,1,80.2,44.7,18.1,36.9,98.9,103.6,47.9,1.35,93.53,82.6,46.3,20.1,38.8,104.7,102.3,49.9,1.72,91.49
10190,0,83.5,40.0,20.5,27.0,95.0,106.7,47.3,1.03,94.97,82.6,46.3,20.1,38.8,104.7,102.3,49.9,1.72,91.49
10231,1,81.4,45.8,17.1,41.0,104.0,97.5,49.5,1.6,91.06,82.6,46.3,20.1,38.8,104.7,102.3,49.9,1.72,91.49
10289,1,80.7,44.5,18.9,38.7,101.9,101.5,48.6,1.28,92.7,81.5,45.5,20.2,40.8,107.3,103.3,48.3,1.65,93.44
10294,1,79.4,43.1,12.3,37.8,99.1,105.5,49.4,1.4,89.65,81.5,45.5,20.2,40.8,107.3,103.3,48.3,1.65,93.44
10316,1,80.4,47.2,21.5,33.5,108.8,100.9,51.7,1.05,95.18,81.5,45.5,20.2,40.8,107.3,103.3,48.3,1.65,93.44
10487,0,83.0,45.9,17.4,40.2,106.8,97.3,53.7,1.74,91.79,81.5,45.5,20.2,40.8,107.3,103.3,48.3,1.65,93.44
10501,1,81.1,41.6,13.2,28.4,97.6,107.2,46.2,1.69,92.08,84.4,49.1,22.9,37.8,113.2,104.3,52.4,1.81,94.6
10519,0,81.6,47.0,19.0,31.9,108.4,108.5,53.6,1.59,94.52,84.4,49.1,22.9,37.8,113.2,104.3,52.4,1.81,94.6
10544,1,81.4,44.4,22.8,33.5,104.4,99.3,51.8,1.24,94.68,84.4,49.1,22.9,37.8,113.2,104.3,52.4,1.81,94.6
10557,0,81.4,45.0,21.2,35.4,107.9,106.1,50.2,1.66,88.13,84.4,49.1,22.9,37.8,113.2,104.3,52.4,1.81,94.6
10580,1,82.1,45.0,17.8,32.0,102.5,104.6,50.6,1.33,91.84,84.4,49.1,22.9,37.8,113.2,104.3,52.4,1.81,94.6
10598,1,77.4,46.2,27.9,37.4,105.3,104.9,51.3,1.23,90.47,84.4,49.1,22.9,37.8,113.2,104.3,52.4,1.81,94.6
10656,1,84.9,44.1,24.4,35.7,107.0,109.4,50.0,1.4,94.01,84.4,49.1,22.9,37.8,113.2,104.3,52.4,1.81,94.6
10673,1,81.1,44.8,23.6,35.9,103.1,105.3,48.1,1.58,92.99,84.4,49.1,22.9,37.8,113.2,104.3,52.4,1.81,94.6
10689,1,85.2,44.6,13.5,37.0,102.3,98.2,51.3,1.87,90.88,84.4,49.1,22.9,37.8,113.2,104.3,52.4,1.81,94.6
10740,1,79.1,45.2,15.8,37.7,106.7,106.1,50.0,1.41,90.56,84.4,49.1,22.9,37.8,113.2,104.3,52.4,1.81,94.6
10788,1,73.4,46.3,11.7,34.8,101.7,102.2,50.0,1.27,89.44,82.2,50.8,22.1,40.5,115.5,100.6,51.2,1.72,95.81
10806,1,82.7,46.7,14.7,37.7,108.6,104.7,52.9,1.56,91.94,82.2,50.8,22.1,40.5,115.5,100.6,51.2,1.72,95.81
10832,0,84.9,46.6,15.3,37.9,108.6,110.3,55.0,1.75,92.61,82.2,50.8,22.1,40.5,115.5,100.6,51.2,1.72,95.81
10838,1,80.4,44.8,15.5,35.1,105.3,100.4,50.4,1.39,89.63,82.2,50.8,22.1,40.5,115.5,100.6,51.2,1.72,95.81
10858,1,85.1,46.9,21.2,34.6,108.8,106.8,49.9,1.6,95.43,82.2,50.8,22.1,40.5,115.5,100.6,51.2,1.72,95.81
10907,1,84.9,46.6,15.3,37.9,108.6,110.3,55.0,1.75,92.61,82.2,50.8,22.1,40.5,115.5,100.6,51.2,1.72,95.81
10923,1,81.6,41.8,19.3,33.7,99.5,110.9,48.1,1.26,91.8,82.2,50.8,22.1,40.5,115.5,100.6,51.2,1.72,95.81
10931,1,83.9,44.0,23.1,36.1,105.7,112.0,48.7,1.39,92.74,82.2,50.8,22.1,40.5,115.5,100.6,51.2,1.72,95.81
10961,1,82.7,46.7,14.7,37.7,108.6,104.7,52.9,1.56,91.94,82.2,50.8,22.1,40.5,115.5,100.6,51.2,1.72,95.81
11014,1,82.0,46.3,24.7,36.5,107.6,106.2,50.5,1.21,96.83,84.0,44.6,23.0,32.6,107.6,105.6,47.7,1.89,98.5
11041,0,78.0,47.4,15.0,37.8,104.2,97.5,48.9,1.65,94.33,84.0,44.6,23.0,32.6,107.6,105.6,47.7,1.89,98.5
11085,1,82.6,44.7,20.0,36.8,105.3,107.1,49.8,1.56,96.35,83.1,47.0,20.8,42.9,111.9,101.4,51.5,1.62,95.31
11117,1,79.3,46.9,17.1,34.0,105.7,112.4,52.8,1.24,92.28,83.1,47.0,20.8,42.9,111.9,101.4,51.5,1.62,95.31
11139,1,80.4,46.3,14.1,34.9,103.3,104.8,49.4,1.58,93.86,83.1,47.0,20.8,42.9,111.9,101.4,51.5,1.62,95.31
11167,1,82.4,46.7,16.5,34.9,106.0,102.5,52.3,1.42,93.97,83.1,47.0,20.8,42.9,111.9,101.4,51.5,1.62,95.31
11188,1,80.6,43.7,16.7,35.0,101.1,106.8,50.2,1.57,93.89,83.1,47.0,20.8,42.9,111.9,101.4,51.5,1.62,95.31
11200,1,76.1,47.3,24.7,38.9,109.2,101.2,51.7,1.41,91.13,83.1,47.0,20.8,42.9,111.9,101.4,51.5,1.62,95.31
11229,0,77.4,47.0,19.0,35.3,107.9,103.2,50.6,1.73,90.93,83.1,47.0,20.8,42.9,111.9,101.4,51.5,1.62,95.31
11284,1,85.1,46.1,19.1,41.2,107.3,111.5,51.5,1.28,97.78,80.5,47.7,23.9,38.7,110.4,102.8,49.1,1.9,92.79
11299,1,77.9,44.5,13.9,31.5,101.5,102.1,52.1,1.43,89.82,80.5,47.7,23.9,38.7,110.4,102.8,49.1,1.9,92.79
11323,1,83.4,46.1,22.1,43.4,105.6,109.3,47.9,1.41,95.47,80.5,47.7,23.9,38.7,110.4,102.8,49.1,1.9,92.79
11338,1,77.2,46.0,16.4,36.0,102.7,101.4,49.4,1.65,90.56,80.5,47.7,23.9,38.7,110.4,102.8,49.1,1.9,92.79
11353,1,80.1,43.9,17.3,33.9,105.1,103.8,50.6,1.54,89.91,80.5,47.7,23.9,38.7,110.4,102.8,49.1,1.9,92.79
11376,1,78.9,41.7,13.4,36.8,98.7,102.0,49.5,1.28,90.38,80.5,47.7,23.9,38.7,110.4,102.8,49.1,1.9,92.79
11398,1,83.2,45.6,10.9,34.2,104.8,103.3,50.2,1.41,93.01,80.5,47.7,23.9,38.7,110.4,102.8,49.1,1.9,92.79
11412,1,80.8,48.3,21.5,37.5,108.4,109.5,49.4,1.57,95.4,80.5,47.7,23.9,38.7,110.4,102.8,49.1,1.9,92.79
11429,1,77.9,46.7,22.1,37.2,112.0,110.2,50.5,1.36,95.7,80.5,47.7,23.9,38.7,110.4,102.8,49.1,1.9,92.79
11444,1,82.5,42.6,15.5,33.0,99.4,104.8,48.1,1.22,95.17,80.5,47.7,23.9,38.7,110.4,102.8,49.1,1.9,92.79
11461,1,79.9,46.3,17.4,31.0,105.9,101.7,51.3,1.47,92.53,80.5,47.7,23.9,38.7,110.4,102.8,49.1,1.9,92.79
11489,1,82.7,45.8,15.9,30.9,108.4,110.5,51.0,1.46,94.42,79.3,46.9,18.1,36.4,108.5,102.1,50.3,1.55,93.63
11547,1,85.3,45.1,19.7,37.7,105.2,107.6,51.1,1.18,97.2,79.3,46.9,18.1,36.4,108.5,102.1,50.3,1.55,93.63
11581,1,77.1,44.8,23.1,36.5,105.6,108.2,48.2,1.7,89.53,79.3,46.9,18.1,36.4,108.5,102.1,50.3,1.55,93.63
11597,1,80.6,48.5,19.5,41.9,114.3,109.7,49.4,1.67,95.68,79.3,46.9,18.1,36.4,108.5,102.1,50.3,1.55,93.63
11620,1,83.9,46.0,12.4,28.6,102.5,112.7,47.0,1.66,93.19,79.3,46.9,18.1,36.4,108.5,102.1,50.3,1.55,93.63
11636,1,86.3,44.5,24.6,36.3,109.1,108.2,46.3,1.76,96.47,79.3,46.9,18.1,36.4,108.5,102.1,50.3,1.55,93.63
11698,1,85.5,44.7,22.3,32.7,108.6,110.7,49.6,1.74,94.23,79.3,46.9,18.1,36.4,108.5,102.1,50.3,1.55,93.63
11851,1,79.3,46.7,20.4,38.4,110.9,106.7,50.7,1.43,93.03,79.2,47.8,18.1,44.7,109.0,102.7,50.5,1.68,91.67
11869,1,83.9,42.3,17.5,31.6,99.7,109.6,48.6,1.63,91.67,79.2,47.8,18.1,44.7,109.0,102.7,50.5,1.68,91.67
11886,1,84.1,46.9,9.8,37.3,107.0,102.1,49.8,1.52,93.5,79.2,47.8,18.1,44.7,109.0,102.7,50.5,1.68,91.67
11923,1,75.3,49.3,18.3,36.9,113.2,108.9,52.4,1.54,90.27,81.1,47.9,23.8,38.4,111.2,110.9,47.8,1.55,92.41
11932,0,85.8,44.6,18.2,32.9,111.3,100.5,50.8,2.12,88.75,81.1,47.9,23.8,38.4,111.2,110.9,47.8,1.55,92.41
11962,1,83.7,47.8,15.2,35.0,109.8,113.9,50.2,1.86,90.73,81.1,47.9,23.8,38.4,111.2,110.9,47.8,1.55,92.41
11974,1,86.9,46.2,16.4,39.3,104.2,108.2,52.9,1.27,98.31,81.1,47.9,23.8,38.4,111.2,110.9,47.8,1.55,92.41
12034,1,76.7,44.9,11.5,26.6,99.3,109.3,48.5,1.5,89.07,81.1,47.9,23.8,38.4,111.2,110.9,47.8,1.55,92.41
12050,1,87.5,46.5,21.3,39.3,107.0,109.2,48.1,1.53,96.82,81.1,47.9,23.8,38.4,111.2,110.9,47.8,1.55,92.41
12101,0,78.9,46.2,19.9,35.4,110.9,104.4,51.5,1.65,87.28,81.1,47.9,23.8,38.4,111.2,110.9,47.8,1.55,92.41
12120,0,74.2,46.8,11.9,31.6,103.6,100.2,49.5,1.57,89.31,81.1,47.9,23.8,38.4,111.2,110.9,47.8,1.55,92.41
12140,1,84.3,47.6,19.8,36.1,109.1,112.5,48.4,1.79,94.58,81.1,48.9,20.1,39.0,114.2,107.1,52.5,1.75,93.11
12174,1,87.4,44.6,18.4,24.5,104.1,109.7,51.8,1.43,96.56,81.1,48.9,20.1,39.0,114.2,107.1,52.5,1.75,93.11
12193,1,78.0,46.9,14.1,37.4,104.3,107.6,49.2,1.51,89.71,81.1,48.9,20.1,39.0,114.2,107.1,52.5,1.75,93.11
